Country or Area,Year,Value
Afghanistan,2014,6.39
Afghanistan,2013,5.9
Afghanistan,2012,5.454545455
Afghanistan,2011,5
Afghanistan,2010,4
Afghanistan,2009,3.55
Afghanistan,2008,1.84
Afghanistan,2007,1.9
Afghanistan,2006,2.107123645
Afghanistan,2005,1.224148084
Afghanistan,2004,0.10580903
Albania,2014,60.1
Albania,2013,57.2
Albania,2012,54.65595904
Albania,2011,49
Albania,2010,45
Albania,2009,41.2
Albania,2008,23.86
Albania,2007,15.03611541
Albania,2006,9.609991316
Albania,2005,6.043890864
Albania,2004,2.420387798
Algeria,2014,18.09
Algeria,2013,16.5
Algeria,2012,15.22802676
Algeria,2011,14
Algeria,2010,12.5
Algeria,2009,11.23
Algeria,2008,10.18
Algeria,2007,9.451190626
Algeria,2006,7.375984956
Algeria,2005,5.843942092
Algeria,2004,4.634475088
Andorra,2014,95.9
Andorra,2013,94
Andorra,2012,86.43442462
Andorra,2011,81
Andorra,2010,81
Andorra,2009,78.53
Andorra,2008,70.04
Andorra,2007,70.87
Andorra,2006,48.936847
Andorra,2005,37.60576622
Andorra,2004,26.83795439
Angola,2014,21.26
Angola,2013,19.1
Angola,2012,16.93721011
Angola,2011,14.776
Angola,2010,10
Angola,2009,6
Angola,2008,4.6
Angola,2007,3.2
Angola,2006,1.907647507
Angola,2005,1.143366827
Angola,2004,0.464814618
Antigua and Barbuda,2014,64
Antigua and Barbuda,2013,63.4
Antigua and Barbuda,2012,58
Antigua and Barbuda,2011,52
Antigua and Barbuda,2010,47
Antigua and Barbuda,2009,42
Antigua and Barbuda,2008,38
Antigua and Barbuda,2007,34
Antigua and Barbuda,2006,30
Antigua and Barbuda,2005,27
Antigua and Barbuda,2004,24.26654372
Argentina,2014,64.7
Argentina,2013,59.9
Argentina,2012,55.8
Argentina,2011,51
Argentina,2010,45
Argentina,2009,34
Argentina,2008,28.11262348
Argentina,2007,25.94663294
Argentina,2006,20.9272021
Argentina,2005,17.72058337
Argentina,2004,16.03668411
Armenia,2014,46.3
Armenia,2013,41.9
Armenia,2012,37.5
Armenia,2011,32
Armenia,2010,25
Armenia,2009,15.3
Armenia,2008,6.21
Armenia,2007,6.021253397
Armenia,2006,5.631787777
Armenia,2005,5.252983352
Armenia,2004,4.899008571
Aruba,2014,83.78
Aruba,2013,78.9
Aruba,2012,74
Aruba,2011,69
Aruba,2010,62
Aruba,2009,58
Aruba,2008,52
Aruba,2007,30.9
Aruba,2006,28
Aruba,2005,25.4
Aruba,2004,23
Australia,2014,84.56
Australia,2013,83
Australia,2012,79
Australia,2011,79.48769771
Australia,2010,76
Australia,2009,74.25
Australia,2008,71.67
Australia,2007,69.45
Australia,2006,66
Australia,2005,63
Austria,2014,81
Austria,2013,80.6188
Austria,2012,80.02999392
Austria,2011,78.7399931
Austria,2010,75.17
Austria,2009,73.45
Austria,2008,72.87
Austria,2007,69.37
Austria,2006,63.6
Austria,2005,58
Austria,2004,54.28
Azerbaijan,2014,61
Azerbaijan,2013,58.7
Azerbaijan,2012,54.2
Azerbaijan,2011,50
Azerbaijan,2010,46
Azerbaijan,2009,27.4
Azerbaijan,2008,17.08
Azerbaijan,2007,14.54
Azerbaijan,2006,11.99217733
Azerbaijan,2005,8.030375356
Bahamas,2014,76.92
Bahamas,2013,72
Bahamas,2012,71.74820281
Bahamas,2011,65
Bahamas,2010,43
Bahamas,2009,33.88
Bahamas,2008,31.54
Bahamas,2007,27
Bahamas,2006,26
Bahamas,2005,25
Bahamas,2004,22
Bahrain,2014,90.99998
Bahrain,2013,90.0000397
Bahrain,2012,88
Bahrain,2011,76.9999665
Bahrain,2010,55
Bahrain,2009,53
Bahrain,2008,51.95
Bahrain,2007,32.91
Bahrain,2006,28.24395243
Bahrain,2005,21.30373351
Bahrain,2004,21.45868051
Bangladesh,2014,9.6
Bangladesh,2013,6.63
Bangladesh,2012,5
Bangladesh,2011,4.5
Bangladesh,2010,3.7
Bangladesh,2009,3.1
Bangladesh,2008,2.5
Bangladesh,2007,1.8
Bangladesh,2006,1
Bangladesh,2005,0.241637326
Bangladesh,2004,0.199036334
Barbados,2014,76.67
Barbados,2013,73
Barbados,2012,70
Barbados,2011,67
Barbados,2010,65.1
Barbados,2009,64.7
Barbados,2008,61.4
Barbados,2007,58.2
Barbados,2006,55.3
Barbados,2005,52.5
Barbados,2004,49.8
Belarus,2014,59.02
Belarus,2013,54.17
Belarus,2012,46.91
Belarus,2011,39.64889566
Belarus,2010,31.8
Belarus,2009,27.43
Belarus,2008,23
Belarus,2007,19.7
Belarus,2006,16.2
Belgium,2014,85
Belgium,2013,82.1702
Belgium,2012,80.71999055
Belgium,2011,81.609996
Belgium,2010,75
Belgium,2009,70
Belgium,2008,66
Belgium,2007,64.44
Belgium,2006,59.72
Belgium,2005,55.82
Belgium,2004,53.86
Belize,2014,38.7
Belize,2013,33.6
Belize,2012,31
Belize,2011,30.7
Belize,2010,28.2
Belize,2009,27.2
Belize,2008,26.3
Belize,2007,24.6
Belize,2006,24
Belize,2005,17
Belize,2004,9.8
Benin,2014,5.3
Benin,2013,4.9
Benin,2012,4.5
Benin,2011,4.148323066
Benin,2010,3.13
Benin,2009,2.24
Benin,2008,1.85
Benin,2007,1.79
Benin,2006,1.537854346
Benin,2005,1.271031439
Benin,2004,1.182540965
Bermuda,2014,96.8
Bermuda,2013,95.3
Bermuda,2012,91.29930452
Bermuda,2011,88.336
Bermuda,2010,84.21
Bermuda,2009,83.25
Bermuda,2008,82.3
Bermuda,2007,74.35059403
Bermuda,2006,69.89965516
Bermuda,2005,65.44706579
Bermuda,2004,60.99086701
Bhutan,2014,34.37
Bhutan,2013,29.9
Bhutan,2012,24
Bhutan,2011,21
Bhutan,2010,13.6
Bhutan,2009,7.17
Bhutan,2008,6.55
Bhutan,2007,5.92
Bhutan,2006,4.518317258
Bhutan,2005,3.847106745
Bhutan,2004,3.156984196
Bolivia,2014,39.02
Bolivia,2013,36.94
Bolivia,2012,35.34
Bolivia,2011,30
Bolivia,2010,22.4
Bolivia,2009,16.8
Bolivia,2008,12.5
Bolivia,2007,10.49924432
Bolivia,2006,6.200671255
Bolivia,2005,5.227583957
Bolivia,2004,4.439924601
Bosnia and Herzegovina,2014,60.8
Bosnia and Herzegovina,2013,57.79
Bosnia and Herzegovina,2012,52.78
Bosnia and Herzegovina,2011,47.77
Bosnia and Herzegovina,2010,42.75
Bosnia and Herzegovina,2009,37.74
Bosnia and Herzegovina,2008,34.66
Bosnia and Herzegovina,2007,27.92
Bosnia and Herzegovina,2006,25.12238569
Bosnia and Herzegovina,2005,21.326701
Bosnia and Herzegovina,2004,15.46897162
Botswana,2014,18.5
Botswana,2013,15
Botswana,2012,11.5
Botswana,2011,8
Botswana,2010,6
Botswana,2009,6.15
Botswana,2008,6.25
Botswana,2007,5.28
Botswana,2006,4.289932975
Botswana,2005,3.262554036
Botswana,2004,3.304889253
Brazil,2014,57.6
Brazil,2013,51.04
Brazil,2012,48.56
Brazil,2011,45.69
Brazil,2010,40.65
Brazil,2009,39.22
Brazil,2008,33.83
Brazil,2007,30.88
Brazil,2006,28.17838018
Brazil,2005,21.02274725
Brazil,2004,19.07367227
Brunei Darussalam,2014,68.77
Brunei Darussalam,2013,64.5
Brunei Darussalam,2012,60.27306504
Brunei Darussalam,2011,56
Brunei Darussalam,2010,53
Brunei Darussalam,2009,49
Brunei Darussalam,2008,46
Brunei Darussalam,2007,44.68
Brunei Darussalam,2006,42.18634916
Brunei Darussalam,2005,36.46639195
Brunei Darussalam,2004,29.71560414
Bulgaria,2014,55.49
Bulgaria,2013,53.0615
Bulgaria,2012,51.89998767
Bulgaria,2011,47.97999305
Bulgaria,2010,46.23
Bulgaria,2009,45
Bulgaria,2008,39.67
Bulgaria,2007,33.64
Bulgaria,2006,27.09
Bulgaria,2005,19.97
Bulgaria,2004,18.13
Burkina Faso,2014,9.4
Burkina Faso,2013,9.1
Burkina Faso,2012,3.725034916
Burkina Faso,2011,3
Burkina Faso,2010,2.4
Burkina Faso,2009,1.13
Burkina Faso,2008,0.92
Burkina Faso,2007,0.75
Burkina Faso,2006,0.632707564
Burkina Faso,2005,0.469914489
Burkina Faso,2004,0.400295285
Burundi,2014,1.38
Burundi,2013,1.3
Burundi,2012,1.219999945
Burundi,2011,1.11
Burundi,2010,1
Burundi,2009,0.9
Burundi,2008,0.81
Burundi,2007,0.7
Burundi,2006,0.65759259
Burundi,2005,0.542142866
Burundi,2004,0.349060462
Cambodia,2014,9
Cambodia,2013,6.8
Cambodia,2012,4.94
Cambodia,2011,3.1
Cambodia,2010,1.26
Cambodia,2009,0.53
Cambodia,2008,0.51
Cambodia,2007,0.49
Cambodia,2006,0.46835672
Cambodia,2005,0.317321781
Cambodia,2004,0.300436644
Cameroon,2014,11
Cameroon,2013,6.4
Cameroon,2012,5.69898724
Cameroon,2011,5
Cameroon,2010,4.3
Cameroon,2009,3.84
Cameroon,2008,3.4
Cameroon,2007,2.93
Cameroon,2006,2.028744791
Cameroon,2005,1.402654226
Cameroon,2004,0.976075415
Canada,2014,87.12
Canada,2013,85.8
Canada,2012,83
Canada,2011,83
Canada,2010,80.3
Canada,2009,80.3
Canada,2008,76.7
Canada,2007,73.2
Canada,2006,72.4
Canada,2005,71.66
Canada,2004,65.95596346
Cape Verde,2014,40.26
Cape Verde,2013,37.5
Cape Verde,2012,34.74
Cape Verde,2011,32
Cape Verde,2010,30
Cape Verde,2009,21
Cape Verde,2008,14
Cape Verde,2007,8.28321982
Cape Verde,2006,6.808911008
Cape Verde,2005,6.074087107
Cape Verde,2004,5.31883207
Cayman Islands,2014,74.1
Cayman Islands,2013,74.1
Cayman Islands,2012,74.12653069
Cayman Islands,2011,69.46594499
Cayman Islands,2010,66
Cayman Islands,2009,64.5
Cayman Islands,2008,61
Cayman Islands,2007,52
Cayman Islands,2006,44.5
Cayman Islands,2005,38.03438308
Central African Rep.,2014,4.03
Central African Rep.,2013,3.5
Central African Rep.,2012,3
Central African Rep.,2011,2.2
Central African Rep.,2010,2
Central African Rep.,2009,1.8
Central African Rep.,2008,1
Central African Rep.,2007,0.375815961
Central African Rep.,2006,0.311159173
Central African Rep.,2005,0.268195609
Central African Rep.,2004,0.223401395
Chad,2014,2.5
Chad,2013,2.3
Chad,2012,2.1
Chad,2011,1.9
Chad,2010,1.7
Chad,2009,1.5
Chad,2008,1.19
Chad,2007,0.847224521
Chad,2006,0.581045764
Chad,2005,0.3992577
Chad,2004,0.360920107
Chile,2014,72.35
Chile,2013,66.5
Chile,2012,61.41815456
Chile,2011,52.24960729
Chile,2010,45
Chile,2009,41.56
Chile,2008,37.3
Chile,2007,35.9
Chile,2006,34.49775117
Chile,2005,31.17534703
Chile,2004,28.17791012
China,2014,49.3
China,2013,45.8
China,2012,42.30011749
China,2011,38.3
China,2010,34.3
China,2009,28.9
China,2008,22.6
China,2007,16
China,2006,10.52315262
China,2005,8.523257003
China,2004,7.3
Colombia,2014,52.57
Colombia,2013,51.7
Colombia,2012,48.98
Colombia,2011,40.35091575
Colombia,2010,36.5
Colombia,2009,30
Colombia,2008,25.6
Colombia,2007,21.8
Colombia,2006,15.34167454
Colombia,2005,11.00726389
Colombia,2004,9.118690303
Comoros,2014,6.98
Comoros,2013,6.5
Comoros,2012,5.975296308
Comoros,2011,5.5
Comoros,2010,5.1
Comoros,2009,3.5
Comoros,2008,3
Comoros,2007,2.5
Comoros,2006,2.2
Comoros,2005,2
Comoros,2004,1.327327178
Congo,2014,7.11
Congo,2013,6.6
Congo,2012,6.106695024
Congo,2011,5.6
Congo,2010,5
Congo,2009,4.5
Congo,2008,4.287509903
Congo,2007,2.759704374
Congo,2006,2.007990079
Congo,2005,1.46342006
Congo,2004,1.07750493
Congo (Democratic Republic of the),2014,3
Congo (Democratic Republic of the),2013,2.2
Congo (Democratic Republic of the),2012,1.679961015
Congo (Democratic Republic of the),2011,1.2
Congo (Democratic Republic of the),2010,0.72
Congo (Democratic Republic of the),2009,0.56
Congo (Democratic Republic of the),2008,0.44
Congo (Democratic Republic of the),2007,0.37
Congo (Democratic Republic of the),2006,0.29605361
Congo (Democratic Republic of the),2005,0.238037799
Congo (Democratic Republic of the),2004,0.196208375
Costa Rica,2014,49.41
Costa Rica,2013,45.96
Costa Rica,2012,47.5
Costa Rica,2011,39.212196
Costa Rica,2010,36.5
Costa Rica,2009,34.33
Costa Rica,2008,32.29
Costa Rica,2007,28.4
Costa Rica,2006,25.1
Costa Rica,2005,22.07
Costa Rica,2004,20.79230671
Cote d'Ivoire,2014,14.6
Cote d'Ivoire,2013,8.4
Cote d'Ivoire,2012,5
Cote d'Ivoire,2011,2.9
Cote d'Ivoire,2010,2.7
Cote d'Ivoire,2009,2
Cote d'Ivoire,2008,1.9
Cote d'Ivoire,2007,1.8
Cote d'Ivoire,2006,1.524900791
Cote d'Ivoire,2005,1.039238205
Cote d'Ivoire,2004,0.849282415
Croatia,2014,68.57
Croatia,2013,66.7476
Croatia,2012,61.93997315
Croatia,2011,57.78997899
Croatia,2010,56.55
Croatia,2009,50.58
Croatia,2008,44.24
Croatia,2007,41.44
Croatia,2006,37.98
Croatia,2005,33.14
Croatia,2004,30.91
Cuba,2014,30
Cuba,2013,27.93
Cuba,2012,21.2
Cuba,2011,16.0172908
Cuba,2010,15.9
Cuba,2009,14.33
Cuba,2008,12.94
Cuba,2007,11.69
Cuba,2006,11.15960131
Cuba,2005,9.738062208
Cuba,2004,8.407984759
Cyprus,2014,69.33
Cyprus,2013,65.4548
Cyprus,2012,60.6898684
Cyprus,2011,56.85989235
Cyprus,2010,52.99
Cyprus,2009,49.81
Cyprus,2008,42.31
Cyprus,2007,40.77
Cyprus,2006,35.83
Cyprus,2005,32.81
Cyprus,2004,33.83
Czech Republic,2014,79.71
Czech Republic,2013,74.1104
Czech Republic,2012,73.43000782
Czech Republic,2011,70.49
Czech Republic,2010,68.82
Czech Republic,2009,64.43
Czech Republic,2008,62.97
Czech Republic,2007,51.93
Czech Republic,2006,47.93
Czech Republic,2005,35.27
Czech Republic,2004,35.5
Dem. People's Rep. of Korea,2014,0
Dem. People's Rep. of Korea,2012,0
Dem. People's Rep. of Korea,2011,0
Dem. People's Rep. of Korea,2010,0
Dem. People's Rep. of Korea,2009,0
Dem. People's Rep. of Korea,2008,0
Dem. People's Rep. of Korea,2007,0
Dem. People's Rep. of Korea,2006,0
Dem. People's Rep. of Korea,2005,0
Dem. People's Rep. of Korea,2004,0
Denmark,2014,95.99
Denmark,2013,94.6297
Denmark,2012,92.26001172
Denmark,2011,89.81001339
Denmark,2010,88.72
Denmark,2009,86.84
Denmark,2008,85.02
Denmark,2007,85.03
Denmark,2006,86.65
Denmark,2005,82.74
Denmark,2004,80.93
Djibouti,2014,10.71
Djibouti,2013,9.5
Djibouti,2012,8.267232892
Djibouti,2011,7
Djibouti,2010,6.5
Djibouti,2009,4
Djibouti,2008,2.26
Djibouti,2007,1.62
Djibouti,2006,1.270041159
Djibouti,2005,0.953611449
Djibouti,2004,0.781317175
Dominica,2014,62.86
Dominica,2013,59
Dominica,2012,55.17701416
Dominica,2011,51.3135
Dominica,2010,47.45
Dominica,2009,42.02
Dominica,2008,41.16
Dominica,2007,40.27446301
Dominica,2006,39.3981743
Dominica,2005,38.54364326
Dominica,2004,30.31961309
Dominican Rep.,2014,49.58
Dominican Rep.,2013,45.9
Dominican Rep.,2012,41.2
Dominican Rep.,2011,38
Dominican Rep.,2010,31.4
Dominican Rep.,2009,27.72
Dominican Rep.,2008,20.82
Dominican Rep.,2007,17.66
Dominican Rep.,2006,14.84492837
Dominican Rep.,2005,11.48319778
Dominican Rep.,2004,8.865553461
Ecuador,2014,43
Ecuador,2013,40.35368423
Ecuador,2012,35.13514645
Ecuador,2011,31.36680836
Ecuador,2010,29.03
Ecuador,2009,24.6
Ecuador,2008,18.8
Ecuador,2007,10.8
Ecuador,2006,7.2
Ecuador,2005,5.994255161
Ecuador,2004,4.834442638
Egypt,2014,31.7
Egypt,2013,29.4
Egypt,2012,26.4
Egypt,2011,25.6
Egypt,2010,21.6
Egypt,2009,20
Egypt,2008,18.01
Egypt,2007,16.03
Egypt,2006,13.66
Egypt,2005,12.75
Egypt,2004,11.92
El Salvador,2014,29.7
El Salvador,2013,23.1093
El Salvador,2012,20.32138772
El Salvador,2011,18.9
El Salvador,2010,15.9
El Salvador,2009,12.11
El Salvador,2008,10.08
El Salvador,2007,6.11
El Salvador,2006,5.5
El Salvador,2005,4.2
El Salvador,2004,3.2
Equatorial Guinea,2014,18.86
Equatorial Guinea,2013,16.4
Equatorial Guinea,2012,13.94318219
Equatorial Guinea,2011,11.5
Equatorial Guinea,2010,6
Equatorial Guinea,2009,2.13
Equatorial Guinea,2008,1.82
Equatorial Guinea,2007,1.557123059
Equatorial Guinea,2006,1.279193596
Equatorial Guinea,2005,1.149789671
Equatorial Guinea,2004,0.843930285
Eritrea,2014,0.99
Eritrea,2013,0.9
Eritrea,2012,0.8
Eritrea,2011,0.7
Eritrea,2010,0.61
Eritrea,2009,0.54
Eritrea,2008,0.47
Eritrea,2007,0.41
Estonia,2014,84.24
Estonia,2013,79.4
Estonia,2012,78.38992593
Estonia,2011,76.5
Estonia,2010,74.1
Estonia,2009,72.5
Estonia,2008,70.58
Estonia,2007,66.19
Estonia,2006,63.51
Estonia,2005,61.45
Estonia,2004,53.2
Ethiopia,2014,2.9
Ethiopia,2013,1.9
Ethiopia,2012,1.482810139
Ethiopia,2011,1.1
Ethiopia,2010,0.75
Ethiopia,2009,0.54
Ethiopia,2008,0.45
Ethiopia,2007,0.37
Ethiopia,2006,0.310592657
Ethiopia,2005,0.219659819
Ethiopia,2004,0.155334521
Faroe Islands,2014,94.66
Faroe Islands,2013,90
Faroe Islands,2012,85.33518924
Faroe Islands,2011,80.7321728
Faroe Islands,2010,75.2
Faroe Islands,2009,75.18
Faroe Islands,2008,75.57
Faroe Islands,2007,75.98
Faroe Islands,2006,69.35944512
Faroe Islands,2005,67.90263174
Faroe Islands,2004,66.53359947
Fiji,2014,41.8
Fiji,2013,37.1
Fiji,2012,33.74235675
Fiji,2011,28
Fiji,2010,20
Fiji,2009,17
Fiji,2008,13
Fiji,2007,10.89783105
Fiji,2006,9.6000384
Fiji,2005,8.453636634
Fiji,2004,7.412943485
Finland,2014,92.38
Finland,2013,91.5144
Finland,2012,89.87999797
Finland,2011,88.70999491
Finland,2010,86.89
Finland,2009,82.49
Finland,2008,83.67
Finland,2007,80.78
Finland,2006,79.66
Finland,2005,74.48
Finland,2004,72.39
France,2014,83.75
France,2013,81.9198
France,2012,81.44
France,2011,77.81999899
France,2010,77.28
France,2009,71.58
France,2008,70.68
France,2007,66.09
France,2006,46.87
France,2005,42.87
France,2004,39.15
French Guiana,2009,25.70340925
French Guiana,2008,24.53441406
French Guiana,2007,23.31393614
French Guiana,2006,22.06425495
French Guiana,2005,20.79331445
French Guiana,2004,19.49837856
French Polynesia,2014,60.68
French Polynesia,2013,56.8
French Polynesia,2012,52.87663059
French Polynesia,2011,49
French Polynesia,2010,49
French Polynesia,2009,44.6
French Polynesia,2008,33.87
French Polynesia,2007,28.59
French Polynesia,2006,25.10796425
French Polynesia,2005,21.54218547
French Polynesia,2004,17.88453743
Gabon,2014,9.81
Gabon,2013,9.2
Gabon,2012,8.616714489
Gabon,2011,8
Gabon,2010,7.23
Gabon,2009,6.7
Gabon,2008,6.21
Gabon,2007,5.767004576
Gabon,2006,5.489200803
Gabon,2005,4.89326475
Gabon,2004,2.9790698
Gambia,2014,15.56
Gambia,2013,14
Gambia,2012,12.44922872
Gambia,2011,10.8703
Gambia,2010,9.2
Gambia,2009,7.63
Gambia,2008,6.88
Gambia,2007,6.205037419
Gambia,2006,5.237691158
Gambia,2005,3.799001139
Gambia,2004,3.308003478
Georgia,2014,48.9
Georgia,2013,43.3
Georgia,2012,36.94
Georgia,2011,31.52
Georgia,2010,26.9
Georgia,2009,20.07
Georgia,2008,10.01
Georgia,2007,8.26
Georgia,2006,7.526876845
Georgia,2005,6.079457629
Georgia,2004,3.886221354
Germany,2014,86.19
Germany,2013,84.17
Germany,2012,82.34999847
Germany,2011,81.26999954
Germany,2010,82
Germany,2009,79
Germany,2008,78
Germany,2007,75.16
Germany,2006,72.16
Germany,2005,68.71
Germany,2004,64.73
Ghana,2014,18.9
Ghana,2013,12.3
Ghana,2012,10.6
Ghana,2011,9
Ghana,2010,7.8
Ghana,2009,5.44
Ghana,2008,4.27
Ghana,2007,3.85
Ghana,2006,2.723175973
Ghana,2005,1.831197461
Ghana,2004,1.716797704
Gibraltar,2012,65.017
Gibraltar,2011,65
Gibraltar,2010,65
Gibraltar,2009,65.07
Gibraltar,2008,58
Gibraltar,2007,51.61
Gibraltar,2006,45.29864751
Gibraltar,2005,39.07013088
Gibraltar,2004,32.88608261
Greece,2014,63.21
Greece,2013,59.8663
Greece,2012,55.06999344
Greece,2011,51.64999517
Greece,2010,44.4
Greece,2009,42.4
Greece,2008,38.2
Greece,2007,35.88
Greece,2006,32.25
Greece,2005,24
Greece,2004,21.42
Greenland,2014,66.7
Greenland,2013,65.8
Greenland,2012,64.8960101
Greenland,2011,64
Greenland,2010,63
Greenland,2009,62.83
Greenland,2008,62.82
Greenland,2007,61.07
Greenland,2006,59.36168727
Greenland,2005,57.7034045
Greenland,2004,56.09901476
Grenada,2014,37.38
Grenada,2013,35
Grenada,2012,32
Grenada,2011,30
Grenada,2010,27
Grenada,2009,24.05
Grenada,2008,23.18
Grenada,2007,22.29
Grenada,2006,21.39599117
Grenada,2005,20.48780488
Grenada,2004,19.57062058
Guam,2014,69.27
Guam,2013,65.4
Guam,2012,61.53415931
Guam,2011,57.7
Guam,2010,54.04
Guam,2009,50.64202838
Guam,2008,48.41870215
Guam,2007,46.15047362
Guam,2006,43.851443
Guam,2005,38.55987756
Guam,2004,36.16178784
Guatemala,2014,23.4
Guatemala,2013,19.7
Guatemala,2012,16
Guatemala,2011,12.3
Guatemala,2010,10.5
Guatemala,2009,9.3
Guatemala,2008,8.3
Guatemala,2007,7.3
Guatemala,2006,6.5
Guatemala,2005,5.7
Guatemala,2004,5.1
Guernsey,2011,83.632
Guernsey,2006,83.63201912
Guernsey,2005,73.57102434
Guernsey,2004,64.51612903
Guinea,2014,1.72
Guinea,2013,1.6
Guinea,2012,1.490144366
Guinea,2011,1.3
Guinea,2010,1
Guinea,2009,0.94
Guinea,2008,0.92
Guinea,2007,0.780025279
Guinea,2006,0.637492123
Guinea,2005,0.542254181
Guinea,2004,0.508819332
Guinea-Bissau,2014,3.32
Guinea-Bissau,2013,3.1
Guinea-Bissau,2012,2.893990621
Guinea-Bissau,2011,2.672
Guinea-Bissau,2010,2.45
Guinea-Bissau,2009,2.303280592
Guinea-Bissau,2008,2.354888711
Guinea-Bissau,2007,2.206302237
Guinea-Bissau,2006,2.057196705
Guinea-Bissau,2005,1.901365316
Guinea-Bissau,2004,1.808142203
Guyana,2014,37.35
Guyana,2013,35
Guyana,2012,33
Guyana,2011,31
Guyana,2010,29.9
Guyana,2009,23.9
Guyana,2008,18.2
Guyana,2007,13.8
Haiti,2014,11.4
Haiti,2013,10.6
Haiti,2012,9.8
Haiti,2011,9
Haiti,2010,8.37
Haiti,2009,8.1
Haiti,2008,7.6
Haiti,2007,7.2
Haiti,2006,6.796000481
Haiti,2005,6.376201635
Haiti,2004,5.401261908
Honduras,2014,19.08
Honduras,2013,17.8
Honduras,2012,18.12
Honduras,2011,15.9
Honduras,2010,11.09
Honduras,2009,9.8
Honduras,2008,9.6
Honduras,2007,9.4
Honduras,2006,7.8
Honduras,2005,6.5
Honduras,2004,5.6
"Hong Kong, China",2014,74.56
"Hong Kong, China",2013,74.2
"Hong Kong, China",2012,72.9
"Hong Kong, China",2011,72.2
"Hong Kong, China",2010,72
"Hong Kong, China",2009,69.4
"Hong Kong, China",2008,66.7
"Hong Kong, China",2007,64.8
"Hong Kong, China",2006,60.8
"Hong Kong, China",2005,56.9
"Hong Kong, China",2004,56.39988039
Hungary,2014,76.13
Hungary,2013,72.6439
Hungary,2012,70.57999815
Hungary,2011,68.01998789
Hungary,2010,65
Hungary,2009,62
Hungary,2008,61
Hungary,2007,53.3
Hungary,2006,47.06
Hungary,2005,38.97
Hungary,2004,27.74
Iceland,2014,98.16
Iceland,2013,96.5468
Iceland,2012,96.20979955
Iceland,2011,94.8196868
Iceland,2010,93.39
Iceland,2009,93
Iceland,2008,91
Iceland,2007,90.6
Iceland,2006,89.51
Iceland,2005,87
Iceland,2004,83.88
India,2014,18
India,2013,15.1
India,2012,12.58006091
India,2011,10.07
India,2010,7.5
India,2009,5.12
India,2008,4.38
India,2007,3.95
India,2006,2.805499865
India,2005,2.388075
India,2004,1.976136492
Indonesia,2014,17.14
Indonesia,2013,14.94
Indonesia,2012,14.52
Indonesia,2011,12.28
Indonesia,2010,10.92
Indonesia,2009,6.92
Indonesia,2008,7.917479385
Indonesia,2007,5.786274729
Indonesia,2006,4.764813134
Indonesia,2005,3.602024763
Indonesia,2004,2.600285876
Iran (Islamic Rep. of),2014,39.35
Iran (Islamic Rep. of),2013,29.95
Iran (Islamic Rep. of),2012,22.73
Iran (Islamic Rep. of),2011,19
Iran (Islamic Rep. of),2010,15.9
Iran (Islamic Rep. of),2009,13.8
Iran (Islamic Rep. of),2008,12.02
Iran (Islamic Rep. of),2007,9.47
Iran (Islamic Rep. of),2006,8.76
Iran (Islamic Rep. of),2005,8.1
Iran (Islamic Rep. of),2004,7.49
Iraq,2014,11.3
Iraq,2013,9.2
Iraq,2012,7.1
Iraq,2011,5
Iraq,2010,2.5
Iraq,2009,1.06
Iraq,2008,1
Iraq,2007,0.93
Iraq,2006,0.952344244
Iraq,2005,0.9
Iraq,2004,0.9
Ireland,2014,79.69
Ireland,2013,78.2477
Ireland,2012,76.91999254
Ireland,2011,74.88997297
Ireland,2010,69.85
Ireland,2009,67.38
Ireland,2008,65.34
Ireland,2007,61.15832455
Ireland,2006,54.82
Ireland,2005,41.61
Ireland,2004,36.99
Israel,2014,71.45
Israel,2013,70.8
Israel,2012,70.8
Israel,2011,68.87387799
Israel,2010,67.5
Israel,2009,63.12
Israel,2008,59.39
Israel,2007,48.12806219
Israel,2006,27.88107446
Israel,2005,25.19404242
Israel,2004,22.77048553
Italy,2014,61.96
Italy,2013,58.4593
Italy,2012,55.82999799
Italy,2011,54.3899983
Italy,2010,53.68
Italy,2009,48.83
Italy,2008,44.53
Italy,2007,40.79
Italy,2006,37.99
Italy,2005,35
Italy,2004,33.24
Jamaica,2014,40.5
Jamaica,2013,37.1
Jamaica,2012,33.79
Jamaica,2011,37.43861341
Jamaica,2010,27.67
Jamaica,2009,24.3
Jamaica,2008,23.6
Jamaica,2007,21.1
Jamaica,2006,16.4
Jamaica,2005,12.8
Jamaica,2004,10
Japan,2014,90.58
Japan,2013,89.71
Japan,2012,79.4964
Japan,2011,79.05411352
Japan,2010,78.21
Japan,2009,78
Japan,2008,75.4
Japan,2007,74.3
Japan,2006,68.68527032
Japan,2005,66.9210661
Japan,2004,62.39392963
Jersey,2012,41.03
Jersey,2011,36
Jersey,2007,32.38636364
Jersey,2006,31.81818182
Jersey,2005,31.25
Jersey,2004,30.68181818
Jordan,2014,44
Jordan,2013,41
Jordan,2012,37
Jordan,2011,34.9
Jordan,2010,27.2
Jordan,2009,26
Jordan,2008,23
Jordan,2007,20
Jordan,2006,13.86710879
Jordan,2005,12.93285205
Jordan,2004,11.65874137
Kazakhstan,2014,54.89
Kazakhstan,2013,54
Kazakhstan,2012,53.31566912
Kazakhstan,2011,50.6
Kazakhstan,2010,31.6
Kazakhstan,2009,18.2
Kazakhstan,2008,11
Kazakhstan,2007,4.02
Kazakhstan,2006,3.268369051
Kazakhstan,2005,2.961707492
Kazakhstan,2004,2.650394657
Kenya,2014,43.4
Kenya,2013,39
Kenya,2012,32.1
Kenya,2011,28
Kenya,2010,14
Kenya,2009,10.04
Kenya,2008,8.67
Kenya,2007,7.95
Kenya,2006,7.53378972
Kenya,2005,3.101897702
Kenya,2004,3.023528042
Kiribati,2014,12.25
Kiribati,2013,11.5
Kiribati,2012,10.74679768
Kiribati,2011,10
Kiribati,2010,9.07
Kiribati,2009,8.97
Kiribati,2008,7
Kiribati,2007,6
Kiribati,2006,4.5
Kiribati,2005,4
Kiribati,2004,3.5
Korea (Rep. of),2014,84.33
Korea (Rep. of),2013,84.77
Korea (Rep. of),2012,84.07
Korea (Rep. of),2011,83.75912015
Korea (Rep. of),2010,83.7
Korea (Rep. of),2009,81.6
Korea (Rep. of),2008,81
Korea (Rep. of),2007,78.8
Korea (Rep. of),2006,78.1
Korea (Rep. of),2005,73.5
Korea (Rep. of),2004,72.7
Kuwait,2014,78.7
Kuwait,2013,75.46
Kuwait,2012,70.45
Kuwait,2011,65.76907069
Kuwait,2010,61.4
Kuwait,2009,50.8
Kuwait,2008,42
Kuwait,2007,34.8
Kuwait,2006,28.79119795
Kuwait,2005,25.92610837
Kuwait,2004,22.92711204
Kyrgyzstan,2014,28.3
Kyrgyzstan,2013,23
Kyrgyzstan,2012,19.8
Kyrgyzstan,2011,17.5
Kyrgyzstan,2010,16.3
Kyrgyzstan,2009,16
Kyrgyzstan,2008,15.7
Kyrgyzstan,2007,14.03
Kyrgyzstan,2006,12.306907
Kyrgyzstan,2005,10.53380134
Kyrgyzstan,2004,5.090385307
Lao P.D.R.,2014,14.26
Lao P.D.R.,2013,12.5
Lao P.D.R.,2012,10.74767619
Lao P.D.R.,2011,9
Lao P.D.R.,2010,7
Lao P.D.R.,2009,6
Lao P.D.R.,2008,3.55
Lao P.D.R.,2007,1.64
Lao P.D.R.,2006,1.169893428
Lao P.D.R.,2005,0.85035749
Lao P.D.R.,2004,0.36143449
Latvia,2014,75.83
Latvia,2013,75.2344
Latvia,2012,73.11994377
Latvia,2011,69.74995456
Latvia,2010,68.42
Latvia,2009,66.84
Latvia,2008,63.41
Latvia,2007,59.17
Latvia,2006,53.63
Latvia,2005,46
Latvia,2004,38.58
Lebanon,2014,74.7
Lebanon,2013,70.5
Lebanon,2012,61.24978572
Lebanon,2011,52
Lebanon,2010,43.68
Lebanon,2009,30.14
Lebanon,2008,22.53
Lebanon,2007,18.74
Lebanon,2006,15
Lebanon,2005,10.14
Lebanon,2004,9
Lesotho,2014,11
Lesotho,2013,5
Lesotho,2012,4.58961763
Lesotho,2011,4.2248
Lesotho,2010,3.86
Lesotho,2009,3.72
Lesotho,2008,3.58
Lesotho,2007,3.44543126
Lesotho,2006,2.979708187
Lesotho,2005,2.580245484
Lesotho,2004,2.175524339
Liberia,2014,5.41
Liberia,2013,3.2
Liberia,2012,2.6
Liberia,2011,2.5
Liberia,2010,2.3
Liberia,2009,2
Liberia,2008,0.53
Liberia,2007,0.551376581
Liberia,2004,0.031011185
Libya,2014,17.76
Libya,2013,16.5
Libya,2011,14
Libya,2010,14
Libya,2009,10.8
Libya,2008,9
Libya,2007,4.721999379
Libya,2006,4.301051789
Libya,2005,3.917787977
Libya,2004,3.532838162
Liechtenstein,2014,95.21
Liechtenstein,2013,93.8
Liechtenstein,2012,89.4077
Liechtenstein,2011,85
Liechtenstein,2010,80
Liechtenstein,2009,75
Liechtenstein,2008,70
Liechtenstein,2007,65.08021844
Liechtenstein,2006,64.21416136
Liechtenstein,2005,63.37135615
Liechtenstein,2004,64.00744814
Lithuania,2014,72.13
Lithuania,2013,68.4529
Lithuania,2012,67.22998933
Lithuania,2011,63.6399774
Lithuania,2010,62.12
Lithuania,2009,59.76
Lithuania,2008,55.22
Lithuania,2007,49.9
Lithuania,2006,43.9
Lithuania,2005,36.22
Lithuania,2004,31.23
Luxembourg,2014,94.67
Luxembourg,2013,93.7765
Luxembourg,2012,91.94992374
Luxembourg,2011,90.02985856
Luxembourg,2010,90.62
Luxembourg,2009,87.31
Luxembourg,2008,82.23
Luxembourg,2007,78.92
Luxembourg,2006,72.51
Luxembourg,2005,70
Luxembourg,2004,65.88
"Macao, China",2014,69.78
"Macao, China",2013,65.8
"Macao, China",2012,61.31
"Macao, China",2011,60.20369672
"Macao, China",2010,55.198
"Macao, China",2009,54
"Macao, China",2008,49.24
"Macao, China",2007,47.327
"Macao, China",2006,46.4
"Macao, China",2005,34.86292717
"Macao, China",2004,31.48409738
Madagascar,2014,3.7
Madagascar,2013,3
Madagascar,2012,2.3
Madagascar,2011,1.9
Madagascar,2010,1.7
Madagascar,2009,1.63
Madagascar,2008,1.65
Madagascar,2007,0.65
Madagascar,2006,0.607552239
Madagascar,2005,0.567721802
Madagascar,2004,0.525353655
Malawi,2014,5.83
Malawi,2013,5.05
Malawi,2012,4.3506
Malawi,2011,3.33
Malawi,2010,2.26
Malawi,2009,1.07
Malawi,2008,0.7
Malawi,2007,0.965864737
Malawi,2006,0.42513749
Malawi,2005,0.384489334
Malawi,2004,0.347505335
Malaysia,2014,67.5
Malaysia,2013,66.97
Malaysia,2012,65.8
Malaysia,2011,61
Malaysia,2010,56.3
Malaysia,2009,55.9
Malaysia,2008,55.8
Malaysia,2007,55.7
Malaysia,2006,51.63798899
Malaysia,2005,48.62917025
Malaysia,2004,42.25226563
Maldives,2014,49.28
Maldives,2013,44.1
Maldives,2012,38.9301
Maldives,2011,34
Maldives,2010,26.53
Maldives,2009,24.8
Maldives,2008,23.2
Maldives,2007,16.3
Maldives,2006,11.03635278
Maldives,2005,6.869605067
Maldives,2004,6.588254875
Mali,2014,7
Mali,2013,3.5
Mali,2012,2.8
Mali,2011,2.2
Mali,2010,2
Mali,2009,1.8
Mali,2008,1.57
Mali,2007,0.81
Mali,2006,0.729627281
Mali,2005,0.507063136
Mali,2004,0.43281964
Malta,2014,73.17
Malta,2013,68.9138
Malta,2012,68.19987429
Malta,2011,68.01982379
Malta,2010,63
Malta,2009,58.86
Malta,2008,50.08
Malta,2007,46.9
Malta,2006,40.41
Malta,2005,41.24
Malta,2004,34.62
Marshall Islands,2014,16.8
Marshall Islands,2013,14
Marshall Islands,2012,12.5
Marshall Islands,2011,10
Marshall Islands,2010,7
Marshall Islands,2009,5.6
Marshall Islands,2008,4.6
Marshall Islands,2007,3.95
Marshall Islands,2006,3.795590214
Marshall Islands,2005,3.878702398
Marshall Islands,2004,3.599776814
Mauritania,2014,10.7
Mauritania,2013,6.2
Mauritania,2012,5
Mauritania,2011,4.5
Mauritania,2010,4
Mauritania,2009,2.28
Mauritania,2008,1.87
Mauritania,2007,1.433613196
Mauritania,2006,0.979661253
Mauritania,2005,0.669966475
Mauritania,2004,0.481470438
Mauritius,2014,41.44
Mauritius,2013,39
Mauritius,2012,35.42
Mauritius,2011,34.95
Mauritius,2010,28.33
Mauritius,2009,22.51
Mauritius,2008,21.81
Mauritius,2007,20.22
Mauritius,2006,16.7
Mauritius,2005,15.17222875
Mauritius,2004,13.68908859
Mexico,2014,44.39
Mexico,2013,43.46
Mexico,2012,39.75
Mexico,2011,37.17629541
Mexico,2010,31.05
Mexico,2009,26.34
Mexico,2008,21.71
Mexico,2007,20.81
Mexico,2006,19.52
Mexico,2005,17.21
Mexico,2004,14.1
Micronesia (Fed. States of),2014,29.65
Micronesia (Fed. States of),2013,27.8
Micronesia (Fed. States of),2012,25.974423
Micronesia (Fed. States of),2011,22.8
Micronesia (Fed. States of),2010,20
Micronesia (Fed. States of),2009,15.35
Micronesia (Fed. States of),2008,14.49
Micronesia (Fed. States of),2007,13.62113273
Micronesia (Fed. States of),2006,12.75033925
Micronesia (Fed. States of),2005,11.8813691
Micronesia (Fed. States of),2004,11.01786731
Moldova,2014,46.6
Moldova,2013,45
Moldova,2012,43.37
Moldova,2011,38
Moldova,2010,32.3
Moldova,2009,27.5
Moldova,2008,23.39
Moldova,2007,20.45
Moldova,2006,19.62064771
Moldova,2005,14.63027046
Moldova,2004,10.62939084
Monaco,2014,92.4
Monaco,2013,90.7
Monaco,2012,87
Monaco,2011,80.3
Monaco,2010,75
Monaco,2009,70.1
Monaco,2008,67.25
Monaco,2007,64.3776824
Monaco,2006,61.47603971
Monaco,2005,55.46482606
Monaco,2004,52.49019668
Mongolia,2014,27
Mongolia,2013,20
Mongolia,2012,16.4
Mongolia,2011,12.49999111
Mongolia,2010,10.2
Mongolia,2009,10
Mongolia,2008,9.8
Mongolia,2007,9
Montenegro,2014,61
Montenegro,2013,60.31
Montenegro,2012,56.83878255
Montenegro,2011,35.61154125
Montenegro,2010,37.5
Montenegro,2009,35.1
Montenegro,2008,32.9
Montenegro,2007,30.8
Montenegro,2006,28.9
Montenegro,2005,27.1
Montenegro,2004,25.3500686
Morocco,2014,56.8
Morocco,2013,56
Morocco,2012,55.41605319
Morocco,2011,46.1074826
Morocco,2010,52
Morocco,2009,41.3
Morocco,2008,33.1
Morocco,2007,21.5
Morocco,2006,19.77119157
Morocco,2005,15.08444452
Morocco,2004,11.60793477
Mozambique,2014,5.94
Mozambique,2013,5.4
Mozambique,2012,4.8491
Mozambique,2011,4.3
Mozambique,2010,4.17
Mozambique,2009,2.68
Mozambique,2008,1.56
Mozambique,2007,0.91
Mozambique,2006,0.842954488
Mozambique,2005,0.854357118
Mozambique,2004,0.679447835
Myanmar,2014,2.1
Myanmar,2013,1.6
Myanmar,2012,1.0691
Myanmar,2011,0.98
Myanmar,2010,0.25
Myanmar,2009,0.22
Myanmar,2008,0.22
Myanmar,2007,0.217128445
Myanmar,2006,0.182048331
Myanmar,2005,0.065238856
Myanmar,2004,0.024337392
Namibia,2014,14.84
Namibia,2013,13.9
Namibia,2012,12.9414
Namibia,2011,12
Namibia,2010,11.6
Namibia,2009,6.5
Namibia,2008,5.329003772
Namibia,2007,4.835610778
Namibia,2006,4.398870647
Namibia,2005,4.010046644
Namibia,2004,3.804715615
Nauru,2011,54
Nepal,2014,15.44
Nepal,2013,13.3
Nepal,2012,11.1493
Nepal,2011,9
Nepal,2010,7.93
Nepal,2009,1.97
Nepal,2008,1.73
Nepal,2007,1.41
Nepal,2006,1.141389164
Nepal,2005,0.826551266
Nepal,2004,0.449843651
Netherlands,2014,93.17
Netherlands,2013,93.9564
Netherlands,2012,92.85999236
Netherlands,2011,91.41999576
Netherlands,2010,90.72
Netherlands,2009,89.63
Netherlands,2008,87.42
Netherlands,2007,85.82
Netherlands,2006,83.7
Netherlands,2005,81
Netherlands,2004,68.52
New Caledonia,2014,70
New Caledonia,2013,66
New Caledonia,2012,58
New Caledonia,2011,50
New Caledonia,2010,42
New Caledonia,2009,33.99
New Caledonia,2008,34.51
New Caledonia,2007,35.05
New Caledonia,2006,33.51571468
New Caledonia,2005,32.35901475
New Caledonia,2004,30.29804621
New Zealand,2014,85.5
New Zealand,2013,82.78
New Zealand,2012,82
New Zealand,2011,81.23
New Zealand,2010,80.46
New Zealand,2009,79.7
New Zealand,2008,72.03
New Zealand,2007,69.76
New Zealand,2006,69
New Zealand,2005,62.72021237
New Zealand,2004,61.84762781
Nicaragua,2014,17.6
Nicaragua,2013,15.5
Nicaragua,2012,13.5
Nicaragua,2011,10.6
Nicaragua,2010,10
Nicaragua,2009,7.3
Nicaragua,2008,5.3
Nicaragua,2007,3.9
Nicaragua,2006,2.805573063
Nicaragua,2005,2.566351177
Nicaragua,2004,2.320664609
Niger,2014,1.95
Niger,2013,1.7
Niger,2012,1.4077
Niger,2011,1.3
Niger,2010,0.83
Niger,2009,0.76
Niger,2008,0.7
Niger,2007,0.39039062
Niger,2006,0.294033977
Niger,2005,0.221341351
Niger,2004,0.189933734
Nigeria,2014,42.68
Nigeria,2013,38
Nigeria,2012,32.8
Nigeria,2011,28.43
Nigeria,2010,24
Nigeria,2009,20
Nigeria,2008,15.86
Nigeria,2007,6.77
Nigeria,2006,5.545036083
Nigeria,2005,3.549155718
Nigeria,2004,1.286137641
Norway,2014,96.3
Norway,2013,95.0534
Norway,2012,94.64997805
Norway,2011,93.48998265
Norway,2010,93.39
Norway,2009,92.08
Norway,2008,90.57
Norway,2007,86.93
Norway,2006,82.55
Norway,2005,81.99
Norway,2004,77.69
Oman,2014,70.22
Oman,2013,66.45
Oman,2012,60
Oman,2011,48
Oman,2010,35.8278
Oman,2009,26.8
Oman,2008,20
Oman,2007,16.68
Oman,2006,8.299716673
Oman,2005,6.68358142
Oman,2004,6.75885217
Pakistan,2014,13.8
Pakistan,2013,10.9
Pakistan,2012,9.96
Pakistan,2011,9
Pakistan,2010,8
Pakistan,2009,7.5
Pakistan,2008,7
Pakistan,2007,6.8
Pakistan,2006,6.5
Pakistan,2005,6.332329098
Pakistan,2004,6.164320985
Palau,2004,26.97033263
Palestine,2014,53.67
Palestine,2013,46.6
Palestine,2012,43.4
Palestine,2011,41.08
Palestine,2010,37.4
Palestine,2009,32.23
Palestine,2008,24.358
Palestine,2007,21.176
Palestine,2006,18.41
Palestine,2005,16.005
Palestine,2004,4.400904826
Panama,2014,44.92
Panama,2013,44.03
Panama,2012,40.30189522
Panama,2011,42.7
Panama,2010,40.1
Panama,2009,39.08
Panama,2008,33.82
Panama,2007,22.29
Panama,2006,17.34956617
Panama,2005,11.48400928
Panama,2004,11.14086254
Papua New Guinea,2014,9.38
Papua New Guinea,2013,6.5
Papua New Guinea,2012,3.5
Papua New Guinea,2011,2
Papua New Guinea,2010,1.28
Papua New Guinea,2009,1.61
Papua New Guinea,2008,1.15
Papua New Guinea,2007,1.790559361
Papua New Guinea,2006,1.754487261
Papua New Guinea,2005,1.716190476
Papua New Guinea,2004,1.507912772
Paraguay,2014,43
Paraguay,2013,36.9
Paraguay,2012,29.34
Paraguay,2011,24.76351588
Paraguay,2010,19.8
Paraguay,2009,18.9
Paraguay,2008,14.27
Paraguay,2007,11.21
Paraguay,2006,7.962073884
Paraguay,2005,7.907007861
Paraguay,2004,3.452438431
Peru,2014,40.2
Peru,2013,39.2
Peru,2012,38.2
Peru,2011,36.01
Peru,2010,34.77
Peru,2009,31.4
Peru,2008,30.57
Peru,2007,25.2
Peru,2006,20.7
Peru,2005,17.1
Peru,2004,14.1
Philippines,2014,39.69
Philippines,2013,37
Philippines,2012,36.2351
Philippines,2011,29
Philippines,2010,25
Philippines,2009,9
Philippines,2008,6.22
Philippines,2007,5.97
Philippines,2006,5.740586325
Philippines,2005,5.397636329
Philippines,2004,5.243628452
Poland,2014,66.6
Poland,2013,62.8492
Poland,2012,62.30999727
Poland,2011,61.94999897
Poland,2010,62.32
Poland,2009,58.97
Poland,2008,53.13
Poland,2007,48.6
Poland,2006,44.58
Poland,2005,38.81
Poland,2004,32.53
Portugal,2014,64.59
Portugal,2013,62.0956
Portugal,2012,60.33999749
Portugal,2011,55.24999688
Portugal,2010,53.3
Portugal,2009,48.27
Portugal,2008,44.13
Portugal,2007,42.09
Portugal,2006,38.01
Portugal,2005,34.99
Portugal,2004,31.78
Puerto Rico,2014,78.78
Puerto Rico,2013,73.9
Puerto Rico,2012,68.9999826
Puerto Rico,2011,48
Puerto Rico,2010,45.3
Puerto Rico,2009,41.5
Puerto Rico,2008,38
Puerto Rico,2007,27.86
Puerto Rico,2006,25.44241821
Puerto Rico,2005,23.40005045
Puerto Rico,2004,22.13073823
Qatar,2014,91.49
Qatar,2013,85.3
Qatar,2012,69.3
Qatar,2011,69
Qatar,2010,69
Qatar,2009,53.1
Qatar,2008,44.3
Qatar,2007,37
Qatar,2006,28.97411271
Qatar,2005,24.73349378
Qatar,2004,20.70164785
Romania,2014,54.08
Romania,2013,49.7645
Romania,2012,45.87999425
Romania,2011,40.00999678
Romania,2010,39.93
Romania,2009,36.6
Romania,2008,32.42
Romania,2007,28.3
Romania,2006,24.66
Romania,2005,21.5
Romania,2004,15
Russia,2014,70.52
Russia,2013,67.97
Russia,2012,63.8
Russia,2011,49
Russia,2010,43
Russia,2009,29
Russia,2008,26.83
Russia,2007,24.66
Russia,2006,18.02327746
Russia,2005,15.2266732
Russia,2004,12.8593889
Rwanda,2014,10.6
Rwanda,2013,9
Rwanda,2012,8.023854277
Rwanda,2011,7
Rwanda,2010,8
Rwanda,2009,7.7
Rwanda,2008,4.5
Rwanda,2007,2.115387178
Rwanda,2005,0.556041165
Rwanda,2004,0.430854243
Saint Kitts and Nevis,2014,65.4
Saint Kitts and Nevis,2013,64.6
Saint Kitts and Nevis,2012,64
Saint Kitts and Nevis,2011,63.2
Saint Kitts and Nevis,2010,63
Saint Kitts and Nevis,2009,55.7
Saint Kitts and Nevis,2008,49.2
Saint Kitts and Nevis,2007,43.5
Saint Kitts and Nevis,2006,38.5
Saint Kitts and Nevis,2005,34
Saint Kitts and Nevis,2004,24.73767754
Saint Lucia,2014,51
Saint Lucia,2013,46.2
Saint Lucia,2012,45.9
Saint Lucia,2011,44
Saint Lucia,2010,43.3
Saint Lucia,2009,36
Saint Lucia,2008,32
Saint Lucia,2007,27.9
Saint Lucia,2006,24.5
Saint Lucia,2005,21.56758295
Saint Lucia,2004,21.39521236
Samoa,2014,21.2
Samoa,2013,15.3
Samoa,2012,12.92249
Samoa,2011,11
Samoa,2010,7
Samoa,2009,6
Samoa,2008,5.031615316
Samoa,2007,4.749983235
Samoa,2006,4.469173873
Samoa,2005,3.352592112
Samoa,2004,3.07552941
San Marino,2011,49.6
San Marino,2009,54.21
San Marino,2008,54.52
San Marino,2007,50.36482211
San Marino,2006,50.20865936
San Marino,2005,50.2595642
San Marino,2004,50.56634304
Sao Tome and Principe,2014,24.41
Sao Tome and Principe,2013,23
Sao Tome and Principe,2012,21.5724
Sao Tome and Principe,2011,20.1612
Sao Tome and Principe,2010,18.75
Sao Tome and Principe,2009,16.41
Sao Tome and Principe,2008,15.48
Sao Tome and Principe,2007,14.5904832
Sao Tome and Principe,2006,14.18201978
Sao Tome and Principe,2005,13.75948422
Sao Tome and Principe,2004,13.32285269
Saudi Arabia,2014,63.7
Saudi Arabia,2013,60.5
Saudi Arabia,2012,54
Saudi Arabia,2011,47.5
Saudi Arabia,2010,41
Saudi Arabia,2009,38
Saudi Arabia,2008,36
Saudi Arabia,2007,30
Saudi Arabia,2006,19.45955435
Saudi Arabia,2005,12.70503599
Saudi Arabia,2004,10.234533
Senegal,2014,17.7
Senegal,2013,13.1
Senegal,2012,10.8
Senegal,2011,9.8
Senegal,2010,8
Senegal,2009,7.5
Senegal,2008,7.12
Senegal,2007,6.89
Senegal,2006,5.611738652
Senegal,2005,4.786684083
Senegal,2004,4.38602398
Serbia,2014,53.5
Serbia,2013,51.5
Serbia,2012,48.1
Serbia,2011,42.2
Serbia,2010,40.9
Serbia,2009,38.1
Serbia,2008,35.6
Serbia,2007,33.15
Serbia,2006,27.2
Serbia,2005,26.3
Serbia,2004,23.5
Seychelles,2014,54.26
Seychelles,2013,50.4
Seychelles,2012,47.076
Seychelles,2011,43.16400446
Seychelles,2010,41
Seychelles,2008,40.44
Seychelles,2007,38.38
Seychelles,2006,34.95197117
Seychelles,2005,25.41326815
Seychelles,2004,24.27213922
Sierra Leone,2014,2.1
Sierra Leone,2013,1.7
Sierra Leone,2012,1.3
Sierra Leone,2011,0.9
Sierra Leone,2010,0.58
Sierra Leone,2009,0.26
Sierra Leone,2008,0.25
Sierra Leone,2007,0.239834699
Sierra Leone,2006,0.227669467
Sierra Leone,2005,0.21539161
Sierra Leone,2004,0.203007681
Singapore,2014,82
Singapore,2013,81
Singapore,2012,72
Singapore,2011,71
Singapore,2010,71
Singapore,2009,69
Singapore,2008,69
Singapore,2007,69.9
Singapore,2006,59
Singapore,2005,61
Singapore,2004,62
Slovak Republic,2014,79.98
Slovak Republic,2013,77.8826
Slovak Republic,2012,76.70999012
Slovak Republic,2011,74.43999717
Slovak Republic,2010,75.71
Slovak Republic,2009,70
Slovak Republic,2008,66.05
Slovak Republic,2007,61.8
Slovak Republic,2006,56.08
Slovak Republic,2005,55.19
Slovak Republic,2004,52.89
Slovenia,2014,71.59
Slovenia,2013,72.6756
Slovenia,2012,68.34997453
Slovenia,2011,67.33999481
Slovenia,2010,70
Slovenia,2009,64
Slovenia,2008,58
Slovenia,2007,56.74
Slovenia,2006,54.01
Slovenia,2005,46.81
Slovenia,2004,40.81
Solomon Islands,2014,9
Solomon Islands,2013,8
Solomon Islands,2012,6.9974
Solomon Islands,2011,6
Solomon Islands,2010,5
Solomon Islands,2009,4
Solomon Islands,2008,3
Solomon Islands,2007,2
Solomon Islands,2006,1.646347989
Solomon Islands,2005,0.844307573
Solomon Islands,2004,0.649672673
Somalia,2014,1.63
Somalia,2013,1.5
Somalia,2012,1.3767
Somalia,2011,1.25
Somalia,2009,1.160610542
Somalia,2008,1.142687372
Somalia,2007,1.122235622
Somalia,2006,1.100216368
Somalia,2005,1.077327839
Somalia,2004,1.053454744
South Africa,2014,49
South Africa,2013,46.5
South Africa,2012,41
South Africa,2011,33.97
South Africa,2010,24
South Africa,2009,10
South Africa,2008,8.43
South Africa,2007,8.065375174
South Africa,2006,7.607139675
South Africa,2005,7.48854253
South Africa,2004,8.425118683
South Sudan,2014,15.9
South Sudan,2013,14.1
South Sudan,2010,7
Spain,2014,76.19
Spain,2013,71.635
Spain,2012,69.80999994
Spain,2011,67.6
Spain,2010,65.8
Spain,2009,62.4
Spain,2008,59.6
Spain,2007,55.11
Spain,2006,50.37
Spain,2005,47.88
Spain,2004,44.01
Sri Lanka,2014,25.8
Sri Lanka,2013,21.9
Sri Lanka,2012,18.2854
Sri Lanka,2011,15
Sri Lanka,2010,12
Sri Lanka,2009,8.78
Sri Lanka,2008,5.8
Sri Lanka,2007,3.88
Sri Lanka,2006,2.537566129
Sri Lanka,2005,1.792046794
Sri Lanka,2004,1.44615998
St. Vincent and the Grenadines,2014,56.48
St. Vincent and the Grenadines,2013,52
St. Vincent and the Grenadines,2012,47.52
St. Vincent and the Grenadines,2011,43.01
St. Vincent and the Grenadines,2010,38.5
St. Vincent and the Grenadines,2009,31
St. Vincent and the Grenadines,2008,21
St. Vincent and the Grenadines,2007,16
St. Vincent and the Grenadines,2006,12
St. Vincent and the Grenadines,2005,9.198278082
St. Vincent and the Grenadines,2004,7.371165842
Sudan,2014,24.64
Sudan,2013,22.7
Sudan,2012,21
Sudan,2011,17.46
Sudan,2010,16.7
Sudan,2007,8.66
Sudan,2005,1.292040678
Sudan,2004,0.791561615
Suriname,2014,40.08
Suriname,2013,37.4
Suriname,2012,34.6812
Suriname,2011,32
Suriname,2010,31.59
Suriname,2009,31.36
Suriname,2008,21.06
Suriname,2007,14.11
Suriname,2006,9.499626942
Suriname,2005,6.403086288
Suriname,2004,6.076047814
Swaziland,2014,27.1
Swaziland,2013,24.7
Swaziland,2012,20.78178258
Swaziland,2011,18.13
Swaziland,2010,11.04
Swaziland,2009,8.94
Swaziland,2008,6.85
Swaziland,2007,4.1
Swaziland,2006,3.696538789
Swaziland,2005,3.696961073
Swaziland,2004,3.228685073
Sweden,2014,92.52
Sweden,2013,94.7836
Sweden,2012,93.17998801
Sweden,2011,92.76998606
Sweden,2010,90
Sweden,2009,91
Sweden,2008,90
Sweden,2007,82.01
Sweden,2006,87.76
Sweden,2005,84.83
Sweden,2004,83.89
Switzerland,2014,87
Switzerland,2013,86.34
Switzerland,2012,85.2
Switzerland,2011,85.19302818
Switzerland,2010,83.9
Switzerland,2009,81.3
Switzerland,2008,79.2
Switzerland,2007,77.2
Switzerland,2006,75.7
Switzerland,2005,70.1
Switzerland,2004,67.8
Syria,2014,28.09
Syria,2013,26.2
Syria,2012,24.3001
Syria,2011,22.5
Syria,2010,20.7
Syria,2009,17.3
Syria,2008,14
Syria,2007,11.5
Syria,2006,7.832551569
Syria,2005,5.648106049
Syria,2004,4.321593778
T.F.Y.R. Macedonia,2014,68.06
T.F.Y.R. Macedonia,2013,65.24
T.F.Y.R. Macedonia,2012,57.44994731
T.F.Y.R. Macedonia,2011,56.7
T.F.Y.R. Macedonia,2010,51.9
T.F.Y.R. Macedonia,2009,51.77
T.F.Y.R. Macedonia,2008,46.04
T.F.Y.R. Macedonia,2007,36.3
T.F.Y.R. Macedonia,2006,28.62
T.F.Y.R. Macedonia,2005,26.45
T.F.Y.R. Macedonia,2004,24.44
Tajikistan,2014,17.49
Tajikistan,2013,16
Tajikistan,2012,14.51
Tajikistan,2011,13.03
Tajikistan,2010,11.55
Tajikistan,2009,10.07
Tajikistan,2008,8.78
Tajikistan,2007,7.197619518
Tajikistan,2006,3.772406207
Tajikistan,2005,0.298690024
Tajikistan,2004,0.077479907
Tanzania,2014,4.86
Tanzania,2013,4.4
Tanzania,2012,3.95
Tanzania,2011,3.2
Tanzania,2010,2.9
Tanzania,2009,2.4
Tanzania,2008,1.9
Tanzania,2007,1.6
Tanzania,2006,1.3
Tanzania,2005,1.1
Tanzania,2004,0.877574971
Thailand,2014,34.89
Thailand,2013,28.94
Thailand,2012,26.46
Thailand,2011,23.66992562
Thailand,2010,22.4
Thailand,2009,20.1
Thailand,2008,18.2
Thailand,2007,20.03
Thailand,2006,17.16071472
Thailand,2005,15.02600436
Thailand,2004,10.67730332
Timor-Leste,2014,1.14
Timor-Leste,2013,1.1
Timor-Leste,2012,0.9147
Timor-Leste,2011,0.9
Timor-Leste,2010,0.21
Timor-Leste,2009,0.18525151
Timor-Leste,2008,0.163876816
Timor-Leste,2007,0.140958764
Timor-Leste,2006,0.116628277
Timor-Leste,2005,0.099031768
Togo,2014,5.7
Togo,2013,4.5
Togo,2012,4
Togo,2011,3.5
Togo,2010,3
Togo,2009,2.6
Togo,2008,2.4
Togo,2007,2.2
Togo,2006,2
Togo,2005,1.8
Togo,2004,1.5
Tonga,2014,40
Tonga,2013,35
Tonga,2012,33
Tonga,2011,25
Tonga,2010,16
Tonga,2009,10
Tonga,2008,8.110769944
Tonga,2007,7.179865329
Tonga,2006,5.853944095
Tonga,2005,4.907782762
Tonga,2004,3.952373895
Trinidad and Tobago,2014,65.1
Trinidad and Tobago,2013,63.8
Trinidad and Tobago,2012,59.5162
Trinidad and Tobago,2011,55.2
Trinidad and Tobago,2010,48.5
Trinidad and Tobago,2009,44.3
Trinidad and Tobago,2008,34.8
Trinidad and Tobago,2007,32.3
Trinidad and Tobago,2006,30.00374858
Trinidad and Tobago,2005,28.97671243
Trinidad and Tobago,2004,27.02427008
Tunisia,2014,46.16
Tunisia,2013,43.8
Tunisia,2012,41.4416
Tunisia,2011,39.1
Tunisia,2010,36.8
Tunisia,2009,34.07
Tunisia,2008,27.53
Tunisia,2007,17.1
Tunisia,2006,12.98640865
Tunisia,2005,9.655086542
Tunisia,2004,8.528817752
Turkey,2014,51.04
Turkey,2013,46.25
Turkey,2012,45.13
Turkey,2011,43.06571043
Turkey,2010,39.82
Turkey,2009,36.4
Turkey,2008,34.37
Turkey,2007,28.63
Turkey,2006,18.24
Turkey,2005,15.46
Turkey,2004,14.58
Turkmenistan,2014,12.2
Turkmenistan,2013,9.6
Turkmenistan,2012,7.1958
Turkmenistan,2011,5
Turkmenistan,2010,3
Turkmenistan,2009,1.95
Turkmenistan,2008,1.75
Turkmenistan,2007,1.406360688
Turkmenistan,2006,1.319573118
Turkmenistan,2005,0.997256559
Turkmenistan,2004,0.754053983
Tuvalu,2013,37
Tuvalu,2012,35
Tuvalu,2011,30
Tuvalu,2010,25
Tuvalu,2009,20
Tuvalu,2008,15
Tuvalu,2007,10
Uganda,2014,17.71
Uganda,2013,16.2
Uganda,2012,14.6896
Uganda,2011,13.01354333
Uganda,2010,12.5
Uganda,2009,9.78
Uganda,2008,7.9
Uganda,2007,3.671965351
Uganda,2006,2.529363038
Uganda,2005,1.742205503
Uganda,2004,0.71997068
Ukraine,2014,43.4
Ukraine,2013,41
Ukraine,2012,35.27
Ukraine,2011,28.70826284
Ukraine,2010,23.3
Ukraine,2009,17.9
Ukraine,2008,11
Ukraine,2007,6.55
Ukraine,2006,4.506124564
Ukraine,2005,3.749764415
Ukraine,2004,3.489477881
United Arab Emirates,2014,90.4
United Arab Emirates,2013,88
United Arab Emirates,2012,84.9999915
United Arab Emirates,2011,78
United Arab Emirates,2010,68
United Arab Emirates,2009,64
United Arab Emirates,2008,63
United Arab Emirates,2007,61
United Arab Emirates,2006,52
United Arab Emirates,2005,40
United Arab Emirates,2004,30.13129617
United Kingdom,2014,91.61
United Kingdom,2013,89.8441
United Kingdom,2012,87.47999842
United Kingdom,2011,85.37999855
United Kingdom,2010,85
United Kingdom,2009,83.56
United Kingdom,2008,78.39
United Kingdom,2007,75.09
United Kingdom,2006,68.82
United Kingdom,2005,70
United Kingdom,2004,65.61
United States,2014,87.36
United States,2013,84.2
United States,2012,79.3
United States,2011,69.72946076
United States,2010,71.69
United States,2009,71
United States,2008,74
United States,2007,75
United States,2006,68.93119327
United States,2005,67.96805292
United States,2004,64.75825648
Uruguay,2014,61.46
Uruguay,2013,57.69
Uruguay,2012,54.45376868
Uruguay,2011,51.40466106
Uruguay,2010,46.4
Uruguay,2009,41.8
Uruguay,2008,39.3
Uruguay,2007,34
Uruguay,2006,29.4
Uruguay,2005,20.08818956
Uruguay,2004,17.06309834
Uzbekistan,2014,43.55
Uzbekistan,2013,38.2
Uzbekistan,2012,36.5213
Uzbekistan,2011,30.2
Uzbekistan,2010,20
Uzbekistan,2009,17.05821621
Uzbekistan,2008,9.080114523
Uzbekistan,2007,7.490604681
Uzbekistan,2006,6.388321967
Uzbekistan,2005,3.343509888
Uzbekistan,2004,2.593725421
Vanuatu,2014,18.8
Vanuatu,2013,11.3
Vanuatu,2012,10.598
Vanuatu,2011,9.2
Vanuatu,2010,8
Vanuatu,2009,7.5
Vanuatu,2008,7.269119923
Vanuatu,2007,6.8
Vanuatu,2006,5.850585059
Vanuatu,2005,5.082333808
Vanuatu,2004,4.746602619
Venezuela,2014,57
Venezuela,2013,54.9
Venezuela,2012,49.05008307
Venezuela,2011,40.22
Venezuela,2010,37.37
Venezuela,2009,32.7
Venezuela,2008,25.88
Venezuela,2007,20.83
Venezuela,2006,15.22471148
Venezuela,2005,12.55299791
Venezuela,2004,8.404469592
Viet Nam,2014,48.31
Viet Nam,2013,43.9
Viet Nam,2012,39.49
Viet Nam,2011,35.07
Viet Nam,2010,30.65
Viet Nam,2009,26.55
Viet Nam,2008,23.92
Viet Nam,2007,20.75544477
Viet Nam,2006,17.25456172
Viet Nam,2005,12.73992929
Viet Nam,2004,7.642408528
Virgin Islands (U.S.),2014,50.07
Virgin Islands (U.S.),2013,45.3
Virgin Islands (U.S.),2012,40.5479
Virgin Islands (U.S.),2011,35.6
Virgin Islands (U.S.),2010,31.22
Virgin Islands (U.S.),2009,27.39650968
Virgin Islands (U.S.),2008,27.36177742
Virgin Islands (U.S.),2007,27.33933584
Virgin Islands (U.S.),2006,27.33261054
Virgin Islands (U.S.),2005,27.34431967
Virgin Islands (U.S.),2004,27.37700879
Yemen,2014,22.55
Yemen,2013,20
Yemen,2012,17.4465
Yemen,2011,14.905
Yemen,2010,12.35
Yemen,2009,9.96
Yemen,2008,6.89
Yemen,2007,5.01
Yemen,2006,1.247824049
Yemen,2005,1.048597934
Yemen,2004,0.881222989
Zambia,2014,17.34
Zambia,2013,15.4
Zambia,2012,13.4682
Zambia,2011,11.5
Zambia,2010,10
Zambia,2009,6.31
Zambia,2008,5.55
Zambia,2007,4.87
Zambia,2006,4.159913394
Zambia,2005,2.851752261
Zambia,2004,2.013549532
Zimbabwe,2014,19.89
Zimbabwe,2013,18.5
Zimbabwe,2012,17.09
Zimbabwe,2011,15.7
Zimbabwe,2010,11.5
Zimbabwe,2009,11.36
Zimbabwe,2008,11.4
Zimbabwe,2007,10.85
Zimbabwe,2006,9.791841502
Zimbabwe,2005,8.015978089
Zimbabwe,2004,6.564045027
